[{"name":"@polymer/app-layout","version":"3.1.0","url":"https://www.npmjs.com/package/@polymer/app-layout"},{"name":"@polymer/app-route","version":"3.0.2","url":"https://www.npmjs.com/package/@polymer/app-route"},{"name":"@polymer/font-roboto-local","version":"3.0.2","url":"https://www.npmjs.com/package/@polymer/font-roboto-local"},{"name":"@polymer/iron-a11y-announcer","version":"3.2.0","url":"https://www.npmjs.com/package/@polymer/iron-a11y-announcer"},{"name":"@polymer/iron-a11y-keys","version":"3.0.1","url":"https://www.npmjs.com/package/@polymer/iron-a11y-keys"},{"name":"@polymer/iron-a11y-keys-behavior","version":"3.0.1","url":"https://www.npmjs.com/package/@polymer/iron-a11y-keys-behavior"},{"name":"@polymer/iron-ajax","version":"3.0.1","url":"https://www.npmjs.com/package/@polymer/iron-ajax"},{"name":"@polymer/iron-autogrow-textarea","version":"3.0.3","url":"https://www.npmjs.com/package/@polymer/iron-autogrow-textarea"},{"name":"@polymer/iron-behaviors","version":"3.0.1","url":"https://www.npmjs.com/package/@polymer/iron-behaviors"},{"name":"@polymer/iron-checked-element-behavior","version":"3.0.1","url":"https://www.npmjs.com/package/@polymer/iron-checked-element-behavior"},{"name":"@polymer/iron-collapse","version":"3.0.1","url":"https://www.npmjs.com/package/@polymer/iron-collapse"},{"name":"@polymer/iron-dropdown","version":"3.0.1","url":"https://www.npmjs.com/package/@polymer/iron-dropdown"},{"name":"@polymer/iron-fit-behavior","version":"3.1.0","url":"https://www.npmjs.com/package/@polymer/iron-fit-behavior"},{"name":"@polymer/iron-flex-layout","version":"3.0.1","url":"https://www.npmjs.com/package/@polymer/iron-flex-layout"},{"name":"@polymer/iron-form","version":"3.0.1","url":"https://www.npmjs.com/package/@polymer/iron-form"},{"name":"@polymer/iron-form-element-behavior","version":"3.0.1","url":"https://www.npmjs.com/package/@polymer/iron-form-element-behavior"},{"name":"@polymer/iron-icon","version":"3.0.1","url":"https://www.npmjs.com/package/@polymer/iron-icon"},{"name":"@polymer/iron-iconset-svg","version":"3.0.1","url":"https://www.npmjs.com/package/@polymer/iron-iconset-svg"},{"name":"@polymer/iron-input","version":"3.0.1","url":"https://www.npmjs.com/package/@polymer/iron-input"},{"name":"@polymer/iron-location","version":"3.0.2","url":"https://www.npmjs.com/package/@polymer/iron-location"},{"name":"@polymer/iron-media-query","version":"3.0.1","url":"https://www.npmjs.com/package/@polymer/iron-media-query"},{"name":"@polymer/iron-menu-behavior","version":"3.0.2","url":"https://www.npmjs.com/package/@polymer/iron-menu-behavior"},{"name":"@polymer/iron-meta","version":"3.0.1","url":"https://www.npmjs.com/package/@polymer/iron-meta"},{"name":"@polymer/iron-overlay-behavior","version":"3.0.3","url":"https://www.npmjs.com/package/@polymer/iron-overlay-behavior"},{"name":"@polymer/iron-pages","version":"3.0.1","url":"https://www.npmjs.com/package/@polymer/iron-pages"},{"name":"@polymer/iron-range-behavior","version":"3.0.1","url":"https://www.npmjs.com/package/@polymer/iron-range-behavior"},{"name":"@polymer/iron-resizable-behavior","version":"3.0.1","url":"https://www.npmjs.com/package/@polymer/iron-resizable-behavior"},{"name":"@polymer/iron-scroll-target-behavior","version":"3.0.1","url":"https://www.npmjs.com/package/@polymer/iron-scroll-target-behavior"},{"name":"@polymer/iron-selector","version":"3.0.1","url":"https://www.npmjs.com/package/@polymer/iron-selector"},{"name":"@polymer/iron-validatable-behavior","version":"3.0.1","url":"https://www.npmjs.com/package/@polymer/iron-validatable-behavior"},{"name":"@polymer/neon-animation","version":"3.0.1","url":"https://www.npmjs.com/package/@polymer/neon-animation"},{"name":"@polymer/paper-badge","version":"3.1.0","url":"https://www.npmjs.com/package/@polymer/paper-badge"},{"name":"@polymer/paper-behaviors","version":"3.0.1","url":"https://www.npmjs.com/package/@polymer/paper-behaviors"},{"name":"@polymer/paper-button","version":"3.0.1","url":"https://www.npmjs.com/package/@polymer/paper-button"},{"name":"@polymer/paper-checkbox","version":"3.1.0","url":"https://www.npmjs.com/package/@polymer/paper-checkbox"},{"name":"@polymer/paper-dialog","version":"3.0.1","url":"https://www.npmjs.com/package/@polymer/paper-dialog"},{"name":"@polymer/paper-dialog-behavior","version":"3.0.1","url":"https://www.npmjs.com/package/@polymer/paper-dialog-behavior"},{"name":"@polymer/paper-dialog-scrollable","version":"3.0.1","url":"https://www.npmjs.com/package/@polymer/paper-dialog-scrollable"},{"name":"@polymer/paper-dropdown-menu","version":"3.2.0","url":"https://www.npmjs.com/package/@polymer/paper-dropdown-menu"},{"name":"@polymer/paper-icon-button","version":"3.0.2","url":"https://www.npmjs.com/package/@polymer/paper-icon-button"},{"name":"@polymer/paper-input","version":"3.2.1","url":"https://www.npmjs.com/package/@polymer/paper-input"},{"name":"@polymer/paper-item","version":"3.0.1","url":"https://www.npmjs.com/package/@polymer/paper-item"},{"name":"@polymer/paper-listbox","version":"3.0.1","url":"https://www.npmjs.com/package/@polymer/paper-listbox"},{"name":"@polymer/paper-menu-button","version":"3.1.0","url":"https://www.npmjs.com/package/@polymer/paper-menu-button"},{"name":"@polymer/paper-progress","version":"3.0.1","url":"https://www.npmjs.com/package/@polymer/paper-progress"},{"name":"@polymer/paper-radio-button","version":"3.0.1","url":"https://www.npmjs.com/package/@polymer/paper-radio-button"},{"name":"@polymer/paper-radio-group","version":"3.0.1","url":"https://www.npmjs.com/package/@polymer/paper-radio-group"},{"name":"@polymer/paper-ripple","version":"3.0.2","url":"https://www.npmjs.com/package/@polymer/paper-ripple"},{"name":"@polymer/paper-slider","version":"3.0.1","url":"https://www.npmjs.com/package/@polymer/paper-slider"},{"name":"@polymer/paper-spinner","version":"3.0.2","url":"https://www.npmjs.com/package/@polymer/paper-spinner"},{"name":"@polymer/paper-styles","version":"3.0.1","url":"https://www.npmjs.com/package/@polymer/paper-styles"},{"name":"@polymer/paper-tabs","version":"3.1.0","url":"https://www.npmjs.com/package/@polymer/paper-tabs"},{"name":"@polymer/paper-toggle-button","version":"3.0.1","url":"https://www.npmjs.com/package/@polymer/paper-toggle-button"},{"name":"@polymer/paper-tooltip","version":"3.0.1","url":"https://www.npmjs.com/package/@polymer/paper-tooltip"},{"name":"@polymer/polymer","version":"3.5.1","url":"https://www.npmjs.com/package/@polymer/polymer"},{"name":"@webcomponents/shadycss","version":"1.11.0","url":"https://www.npmjs.com/package/@webcomponents/shadycss"},{"name":"ace-builds","version":"1.8.1","url":"https://www.npmjs.com/package/ace-builds"},{"name":"dompurify","version":"2.3.10","url":"https://www.npmjs.com/package/dompurify"},{"name":"frigus02-vkbeautify","version":"1.0.1","url":"https://www.npmjs.com/package/frigus02-vkbeautify"},{"name":"html-webpack-plugin","version":"5.5.0","url":"https://www.npmjs.com/package/html-webpack-plugin"},{"name":"mousetrap","version":"1.6.5","url":"https://www.npmjs.com/package/mousetrap"},{"name":"string-replace-loader","version":"3.1.0","url":"https://www.npmjs.com/package/string-replace-loader"},{"name":"string_score","version":"0.1.22","url":"https://www.npmjs.com/package/string_score"},{"name":"web-animations-js","version":"2.3.2","url":"https://www.npmjs.com/package/web-animations-js"}]